,phrase,frequency
0,machine learning,181
1,computer science,161
2,deep learning,56
3,covid-19 pandemic,54
4,edge computing,50
5,wireless networks,45
6,artificial intelligence,42
7,reinforcement learning,38
8,iot devices,38
9,social media,34
10,underrepresented groups,33
11,public health,32
12,cloud computing,31
13,learning techniques,31
14,internet things,29
15,cyber-physical systems,29
16,data analytics,29
17,spatial mismatch,28
18,edge devices,27
19,learning algorithms,27
20,big data,26
21,computer information,25
22,wireless network,24
23,science engineering,24
24,securitybrbrthis foundations,23
25,natural disasters,23
26,civic program,23
27,computing systems,22
28,data center,21
29,contact tracing,21
30,open source,20
31,decision making,20
32,data collected,20
33,remote learning,20
34,things iot,19
35,differential privacy,19
36,wireless edge,19
37,data collection,19
38,homeland securitybrbrthis,19
39,techniques developed,18
40,storage systems,18
41,underrepresented students,18
42,students underrepresented,18
43,intelligence ai,17
44,data science,17
45,security privacy,17
46,outreach activities,17
47,georgia tech,17
48,systems cps,16
49,neural network,16
50,mobile devices,16
51,information theory,16
52,source code,16
53,access control,16
54,quality life,16
55,mobile edge,16
56,widely used,16
57,mobility options,16
58,mismatch housing,16
59,housing affordability,16
60,data generated,15
61,energy consumption,15
62,address challenges,15
63,proposed work,15
64,fake news,15
65,sensor data,15
66,information science,15
67,community engagement,15
68,affordable housing,15
69,data sets,14
70,iot systems,14
71,iot applications,14
72,deep neural,14
73,neural networks,14
74,internet-of-things iot,14
75,data analysis,14
76,autonomous vehicles,14
77,real time,14
78,resource management,14
79,thrusts first,14
80,unmanned aerial,14
81,learning models,14
82,information sciences,14
83,science cs,14
84,stage 2,14
85,community resilience,14
86,response civic,14
87,options solve,14
88,service providers,13
89,include 1,13
90,smart cities,13
91,learning systems,13
92,science education,13
93,deep reinforcement,13
94,second thrust,13
95,aerial vehicles,13
96,computing resources,13
97,network traffic,13
98,control algorithms,13
99,community members,13
100,spread covid-19,13
101,cs courses,13
102,cs educators,13
103,mobility offering,13
104,offering better,13
105,better mobility,13
106,solve spatial,13
107,tools help,12
108,tools developed,12
109,embedded systems,12
110,software tools,12
111,federated learning,12
112,distributed learning,12
113,technology transfer,12
114,academia industry,12
115,design implement,12
116,resource allocation,12
117,science technology,12
118,computer systems,12
119,xr technologies,12
120,education outreach,12
121,advance understanding,12
122,government agencies,12
123,data sharing,12
124,internet access,12
125,public transit,12
126,emergency response,12
127,real-time systems,12
128,disaster resilience,12
129,web applications,12
130,information technology,11
131,operating system,11
132,opportunities students,11
133,learning ml,11
134,data privacy,11
135,team develop,11
136,develop techniques,11
137,wireless networking,11
138,goal develop,11
139,online learning,11
140,rural areas,11
141,distributed computing,11
142,three main,11
143,many applications,11
144,projectbrbrthis foundations,11
145,three thrusts,11
146,first thrust,11
147,computing system,11
148,dnn model,11
149,smart connected,11
150,smart grid,11
151,learning control,11
152,proposed techniques,11
153,2 develop,11
154,three years,11
155,brbrthe proposed,11
156,drug discovery,11
157,quantum computing,11
158,african americans,11
159,techniques tools,11
160,private data,11
161,social distancing,11
162,cs education,11
163,disaster management,11
164,cs teachers,11
165,public schools,11
166,civic -,11
167,cloud storage,11
168,processing units,10
169,projects novelties,10
170,distributed machine,10
171,signal processing,10
172,minority students,10
173,autonomous driving,10
174,computer vision,10
175,long term,10
176,develop tools,10
177,outreach efforts,10
178,five years,10
179,virtual reality,10
180,take advantage,10
181,education development,10
182,extreme mobility,10
183,collected data,10
184,healthcare elderly,10
185,elderly care,10
186,iot hardware,10
187,hardware design,10
188,formal verification,10
189,stem education,10
190,end users,10
191,personal information,10
192,response covid-19,10
193,mitigation strategies,10
194,spread virus,10
195,experienced ecs,10
196,ecs teachers,10
197,partnership rpp,10
198,data analyses,10
199,energybrbrthis foundations,10
200,resilience natural,10
201,affordability jobs,10
202,climate change,10
203,data management,9
204,applications smart,9
205,linux kernel,9
206,integrated education,9
207,center networks,9
208,industrial automation,9
209,underrepresented minority,9
210,recent years,9
211,design implementation,9
212,network edge,9
213,objective develop,9
214,wireless channel,9
215,amounts data,9
216,internet service,9
217,techniques enable,9
218,network resources,9
219,significantly reduce,9
220,data structures,9
221,distributed systems,9
222,repository maintained,9
223,third thrust,9
224,students especially,9
225,educational activities,9
226,proposed framework,9
227,smart city,9
228,tools techniques,9
229,engage students,9
230,data sources,9
231,significantly advance,9
232,advance knowledge,9
233,risk factors,9
234,better understand,9
235,north carolina,9
236,augmented reality,9
237,computer security,9
238,transportation systems,9
239,collect data,9
240,students computer,9
241,serverless functions,9
242,medical devices,9
243,intrusion detection,9
244,latinx students,9
245,privacy protection,9
246,privacy preserving,9
247,differentially private,9
248,community partners,9
249,1 design,9
250,exploring computer,9
251,science ecs,9
252,physical computing,9
253,lattice-based cryptography,9
254,cyber sexual,9
255,program b—resilience,9
256,b—resilience natural,9
257,natural disasters—and,9
258,disasters—and homeland,9
259,supported civic,9
260,population health,9
261,power grid,8
262,design development,8
263,control theory,8
264,goals 1,8
265,large-scale wireless,8
266,learning methods,8
267,low cost,8
268,learning framework,8
269,wireless communication,8
270,future wireless,8
271,foundations recent,8
272,develop innovative,8
273,iot data,8
274,privacy concerns,8
275,adversarial attacks,8
276,privacy security,8
277,bridge gap,8
278,system architecture,8
279,wireless sensing,8
280,systems including,8
281,teaching materials,8
282,advance state-of-the-art,8
283,video analytics,8
284,disaster response,8
285,5 years,8
286,modeling analysis,8
287,least five,8
288,computing infrastructure,8
289,training students,8
290,anomaly detection,8
291,tools enable,8
292,wireless xr,8
293,stream processing,8
294,systems design,8
295,information freshness,8
296,analysis techniques,8
297,serverless computing,8
298,questions 1,8
299,however existing,8
300,internet measurement,8
301,design develop,8
302,autonomous systems,8
303,contribute knowledge,8
304,iot testbeds,8
305,model checking,8
306,supply chain,8
307,team researchers,8
308,2 developing,8
309,vulnerable populations,8
310,focus groups,8
311,foundations covid-19,8
312,physical distancing,8
313,emergency managers,8
314,social science,8
315,machine intelligence,8
316,development center,8
317,district philadelphia,8
318,ap computer,8
319,environmental sensing,8
320,side-channel attacks,8
321,analysis tools,8
322,stage 1,8
323,jobs energy,8
324,energy vehicle,8
325,officebrbrthis foundations,8
326,transportation options,8
327,vehicle transportation,8
328,cryptographic systems,8
329,areas including,7
330,tasks first,7
331,experiments conducted,7
332,methods tools,7
333,self-driving cars,7
334,address problem,7
335,computing networks,7
336,learning wireless,7
337,manufacturing systems,7
338,develop methods,7
339,existing approaches,7
340,paradigm shift,7
341,smart iot,7
342,training inference,7
343,training data,7
344,wireless access,7
345,access networks,7
346,solutions developed,7
347,learning based,7
348,mobile phones,7
349,thrust 1,7
350,resource utilization,7
351,real-time information,7
352,goal design,7
353,power efficiency,7
354,institute technology,7
355,control data,7
356,theoretical framework,7
357,traffic patterns,7
358,reduce cost,7
359,covid-19 crisis,7
360,years beyond,7
361,programmable iot,7
362,develop effective,7
363,privacy guarantees,7
364,systemsbrbrthis foundations,7
365,older adults,7
366,computing networking,7
367,health information,7
368,management software,7
369,data storage,7
370,sensitive data,7
371,software hardware,7
372,wireless technology,7
373,develop test,7
374,internet users,7
375,widespread adoption,7
376,flash memories,7
377,storage devices,7
378,different types,7
379,industry government,7
380,3 develop,7
381,design efficient,7
382,application domains,7
383,system design,7
384,foundations computer,7
385,team includes,7
386,computer scientists,7
387,scientific knowledge,7
388,proposed system,7
389,lessons learned,7
390,os kernel,7
391,data mining,7
392,network performance,7
393,ai systems,7
394,software development,7
395,wireless signals,7
396,information leakage,7
397,communitybrbrthis foundations,7
398,rate control,7
399,fundamental understanding,7
400,real world,7
401,search space,7
402,science courses,7
403,devices systems,7
404,hardware software,7
405,systems provide,7
406,activities include,7
407,colleges universities,7
408,complementary expertise,7
409,cyber physical,7
410,foundations many,7
411,quantum information,7
412,ring-lwe based,7
413,two years,7
414,traffic congestion,7
415,stem fields,7
416,kuala lumpur,7
417,bike lanes,7
418,improve security,7
419,media data,7
420,meet needs,7
421,infectious diseases,7
422,national health,7
423,visual impairments,7
424,sharing data,7
425,collaborative effort,7
426,data used,7
427,surveys interviews,7
428,times crisis,7
429,transit agencies,7
430,integrated educational,7
431,task force,7
432,online pd,7
433,practitioner partnership,7
434,equitable inclusive,7
435,san diego,7
436,pilot program,7
437,educational outreach,7
438,future pandemics,7
439,knowledge base,7
440,perception systems,7
441,critical infrastructure,7
442,emerging threats,7
443,continuous authentication,7
444,resilience hubs,7
445,low income,7
446,- mobility,7
447,- resilience,7
448,disasters homeland,7
449,transportation officebrbrthis,7
450,social determinants,7
451,components architectures,7
452,techniques provide,6
453,units gpus,6
454,algorithms developed,6
455,vdos attacks,6
456,computing devices,6
457,economic growth,6
458,major challenges,6
459,addresses challenges,6
460,access patterns,6
461,theoretical foundations,6
462,emerging applications,6
463,quantum computer,6
464,training opportunities,6
465,energy efficiency,6
466,network architectures,6
467,across multiple,6
468,models algorithms,6
469,system designers,6
470,domain knowledge,6
471,foundations machine,6
472,techniques expected,6
473,data-driven approaches,6
474,technical challenges,6
475,edge nodes,6
476,generation wireless,6
477,object detection,6
478,amount data,6
479,proposed approach,6
480,students work,6
481,precision agriculture,6
482,quality experience,6
483,learning model,6
484,current future,6
485,applications require,6
486,under-represented groups,6
487,train students,6
488,maintained least,6
489,use cases,6
490,network analysis,6
491,seeks develop,6
492,access points,6
493,communication network,6
494,dnn models,6
495,uav networks,6
496,smart grids,6
497,secure trustworthy,6
498,us population,6
499,real-time computing,6
500,renewable energy,6
501,computing data,6
502,underrepresented minorities,6
503,develop algorithms,6
504,policy makers,6
505,train generation,6
506,critical applications,6
507,thrusts 1,6
508,wireless connectivity,6
509,contribute towards,6
510,data breaches,6
511,development testing,6
512,three major,6
513,side channel,6
514,becoming increasingly,6
515,students students,6
516,researchers collaborate,6
517,program synthesis,6
518,code generation,6
519,service requirements,6
520,performance reliability,6
521,college students,6
522,sensing applications,6
523,results generated,6
524,data code,6
525,security threats,6
526,high-performance computing,6
527,storage system,6
528,software engineers,6
529,development tools,6
530,ad hoc,6
531,network slices,6
532,graphics processing,6
533,data related,6
534,development pd,6
535,multiparty computation,6
536,secure computation,6
537,smart home,6
538,critical issue,6
539,remotely accessible,6
540,accessible configurable,6
541,configurable programmable,6
542,smart-home iot,6
543,hardware testbed,6
544,care smart,6
545,smart homeoffice,6
546,proposed infrastructure,6
547,algorithms provide,6
548,researchers practitioners,6
549,evaluate effectiveness,6
550,workforce development,6
551,apollo missions,6
552,education activities,6
553,higher education,6
554,built environment,6
555,better understanding,6
556,control strategies,6
557,ultra-low latency,6
558,education training,6
559,defense mechanisms,6
560,systems security,6
561,make use,6
562,southeast asian,6
563,sensor networks,6
564,power generating,6
565,generating cells,6
566,without revealing,6
567,configuration scripts,6
568,security weaknesses,6
569,concept drift,6
570,covid-19 infection,6
571,effects covid-19,6
572,analytic tools,6
573,privacy violations,6
574,individual privacy,6
575,covid-19brbrthis foundations,6
576,provably secure,6
577,help identify,6
578,people visual,6
579,women color,6
580,travel restrictions,6
581,transportation network,6
582,system security,6
583,goal proposal,6
584,mobile crowdsourcing,6
585,location privacy,6
586,sensitive information,6
587,center edc,6
588,cs teaching,6
589,online development,6
590,development program,6
591,content knowledge,6
592,certified cs,6
593,researcher-practitioner partnership,6
594,ap csa,6
595,culturally relevant,6
596,chicago public,6
597,food delivery,6
598,york city,6
599,internet availability,6
600,reduction algorithms,6
601,v2x data,6
602,trusted execution,6
603,design secure,6
604,priority inversion,6
605,leading cause,6
606,educational materials,6
607,access jobs,6
608,mobility services,6
609,response –,6
610,– civic,6
611,mobility energybrbrthis,6
612,critical need,6
613,health care,6
614,emergency management,6
615,mobility hub,6
616,program mobility,6
617,water systems,6
618,extreme weather,6
619,proof systems,6
620,os kernels,6
621,silicon photonic,6
622,poor health,6
623,health analytics,6
624,health population,6
625,site maintain,6
626,integrated electronics,6
627,around planet,6
628,electronics photonics,6
629,communications sensing,6
630,aerospace platforms,6
631,systems aerospace,6
632,robust integrated,6
633,integrated photonic,6
634,isolated execution,6
635,password authentication,6
636,systems developed,5
637,experimental data,5
638,optimization framework,5
639,data stored,5
640,computation mpc,5
641,one key,5
642,security vulnerabilities,5
643,prior work,5
644,cloud infrastructure,5
645,quantum computers,5
646,security systems,5
647,systems based,5
648,lattice-based systems,5
649,educational component,5
650,applications autonomous,5
651,formal methods,5
652,algorithmsbrbrthis foundations,5
653,state-of-the-art wireless,5
654,wireless technologies,5
655,computing communication,5
656,used develop,5
657,training algorithms,5
658,actual data,5
659,edge networks,5
660,reduce energy,5
661,would help,5
662,computational resources,5
663,design learning,5
664,including 1,5
665,high-speed wireless,5
666,edge learning,5
667,educational opportunities,5
668,women underrepresented,5
669,approach develop,5
670,recent advances,5
671,past decade,5
672,edge ml,5
673,devices eg,5
674,fundamental challenges,5
675,fundamental problems,5
676,model design,5
677,resource constraints,5
678,design principles,5
679,applications including,5
680,massive amounts,5
681,optimization algorithms,5
682,computing paradigm,5
683,women stem,5
684,students various,5
685,learning approaches,5
686,mobile device,5
687,wireless spectrum,5
688,br brthis,5
689,main thrusts,5
690,significantly improve,5
691,improve system,5
692,communication computation,5
693,unique challenges,5
694,thrust 2,5
695,thrust 3,5
696,applications proposed,5
697,network systems,5
698,foundations unmanned,5
699,algorithms based,5
700,system dynamics,5
701,learning approach,5
702,time space,5
703,implement evaluate,5
704,foundations internet,5
705,low power,5
706,computing framework,5
707,network switches,5
708,control systems,5
709,develop theoretical,5
710,transactional storage,5
711,programmable network,5
712,monitoring techniques,5
713,computing community,5
714,outcomes including,5
715,point processes,5
716,audio video,5
717,first responders,5
718,networks enable,5
719,data rate,5
720,approximate computing,5
721,improve efficiency,5
722,first time,5
723,design space,5
724,students address,5
725,vehicles uavs,5
726,search rescue,5
727,overarching goal,5
728,software-defined radio,5
729,technical contributions,5
730,students including,5
731,gate arrays,5
732,physical world,5
733,advance art,5
734,continue grow,5
735,promising approach,5
736,raw data,5
737,results work,5
738,researchbrbrthis foundations,5
739,360-degree video,5
740,methods improve,5
741,video streaming,5
742,improving quality,5
743,society improving,5
744,improve quality,5
745,emerging technologies,5
746,design integrated,5
747,resource orchestration,5
748,modeling optimization,5
749,could potentially,5
750,women students,5
751,least three,5
752,data traffic,5
753,5g networks,5
754,existing wireless,5
755,indoor environments,5
756,key component,5
757,developed solutions,5
758,include development,5
759,summer camps,5
760,provide opportunities,5
761,major thrusts,5
762,students minority,5
763,side channels,5
764,foundations current,5
765,reliability performance,5
766,machine code,5
767,daily life,5
768,various types,5
769,data processing,5
770,system components,5
771,2 design,5
772,many areas,5
773,career opportunities,5
774,learning ai,5
775,computer architecture,5
776,course modules,5
777,system level,5
778,open-source software,5
779,code results,5
780,yearsbrbrthis foundations,5
781,wireless communications,5
782,situation awareness,5
783,seeks address,5
784,hardware resources,5
785,control framework,5
786,information systems,5
787,management framework,5
788,fundamental questions,5
789,issue developing,5
790,software developers,5
791,human life,5
792,workload distribution,5
793,access data,5
794,elastic network,5
795,address issues,5
796,mathematical modeling,5
797,foundations autonomous,5
798,autonomous cyber-physical,5
799,formal language,5
800,science instruction,5
801,methods data,5
802,emerging area,5
803,distributed applications,5
804,secure multiparty,5
805,testbed smart,5
806,broad community,5
807,real data,5
808,resultsbrbrthis foundations,5
809,use data,5
810,engineering computer,5
811,needs community,5
812,case studies,5
813,social sciences,5
814,detection systems,5
815,hpc cluster,5
816,land use,5
817,computational modeling,5
818,development robust,5
819,databrbrthis foundations,5
820,21st century,5
821,current approaches,5
822,pave way,5
823,ground truth,5
824,physical systems,5
825,heterogeneous data,5
826,information knowledge,5
827,diverse team,5
828,fault detection,5
829,outreach programs,5
830,three tasks,5
831,system identify,5
832,based deep,5
833,supporting transition,5
834,cities us,5
835,cities smart,5
836,natural language,5
837,language processing,5
838,across world,5
839,economy however,5
840,share data,5
841,vision develop,5
842,healthcare workers,5
843,advisory board,5
844,stakeholders across,5
845,election results,5
846,results published,5
847,visual content,5
848,benefit society,5
849,every day,5
850,individuals society,5
851,mobile app,5
852,students develop,5
853,work develop,5
854,data literacy,5
855,coronavirus covid-19,5
856,future disasters,5
857,mitigate negative,5
858,negative effects,5
859,intervention strategies,5
860,public private,5
861,well-being individuals,5
862,development model,5
863,health outcomes,5
864,private information,5
865,crisis events,5
866,epidemic models,5
867,broadband internet,5
868,vantage points,5
869,impact covid-19,5
870,potential transform,5
871,control actions,5
872,brbrthe goal,5
873,data source,5
874,cryptographic primitives,5
875,existing methods,5
876,fair privacy,5
877,goal increase,5
878,pro-sp behaviors,5
879,designed increase,5
880,privacy preservation,5
881,teachers develop,5
882,general public,5
883,shared information,5
884,teach cs,5
885,equitable access,5
886,educators students,5
887,community organizations,5
888,cs pd,5
889,math science,5
890,csp csa,5
891,diverse workforce,5
892,program designed,5
893,culturally responsive,5
894,community college,5
895,schools cps,5
896,build connections,5
897,teach computer,5
898,one largest,5
899,real-time system,5
900,mobile health,5
901,data transfer,5
902,objectives 1,5
903,inform future,5
904,foundations us,5
905,learning policies,5
906,develop strategies,5
907,increasingly sophisticated,5
908,sexual abuse,5
909,privacy-preserving cnn,5
910,execution environments,5
911,solicitationbrbrthis foundations,5
912,daily lives,5
913,economic benefits,5
914,environmental quality,5
915,verification techniques,5
916,computational evidence,5
917,accuracy efficiency,5
918,formal reasoning,5
919,regional transportation,5
920,lmi households,5
921,response -,5
922,- civic,5
923,public transportation,5
924,transportation system,5
925,develop pilot,5
926,flood hazard,5
927,data gaps,5
928,activities eg,5
929,insights gained,5
930,preparedness resilience,5
931,cert volunteers,5
932,traditional ecological,5
933,ecological knowledge,5
934,cryptographic proof,5
935,data access,5
936,commodity mmwave,5
937,dns failures,5
938,authorization policies,5
939,health apps,5
940,non-invasive observations,4
941,designing implementing,4
942,interactive learning,4
943,detection methods,4
944,foundations advances,4
945,iot system,4
946,progress science,4
947,national defense,4
948,critical systems,4
949,analysis network,4
950,secure systems,4
951,integrates education,4
952,future workforce,4
953,communication resources,4
954,multi-party computation,4
955,existing solutions,4
956,1 development,4
957,power consumption,4
958,current emerging,4
959,types data,4
960,container environments,4
961,less likely,4
962,cloud environments,4
963,significant improvement,4
964,design build,4
965,provide training,4
966,groups women,4
967,signature schemes,4
968,systems systems,4
969,homomorphic encryption,4
970,focuses developing,4
971,autonomous vehicle,4
972,developed integrated,4
973,ai-controlled cps,4
974,methods used,4
975,high-school students,4
976,scientific community,4
977,devices integrated,4
978,computingcommunication co-design,4
979,thrust focuses,4
980,practical applications,4
981,br brthe,4
982,scientific technical,4
983,finite block,4
984,bring tools,4
985,encoding decoding,4
986,networks dnns,4
987,societal impact,4
988,significant societal,4
989,system disturbances,4
990,wireless bandwidth,4
991,key aspect,4
992,mobile users,4
993,computer networks,4
994,communication systems,4
995,battery life,4
996,integrate results,4
997,conventional model-based,4
998,analytical solutions,4
999,offer better,4
1000,analysis design,4
1001,physical layer,4
1002,learning artificial,4
1003,rapid growth,4
1004,network services,4
1005,challenges posed,4
1006,significantly impact,4
1007,network architecture,4
1008,develop integrated,4
1009,taking account,4
1010,based local,4
1011,channel conditions,4
1012,one important,4
1013,data hence,4
1014,edge servers,4
1015,data across,4
1016,distributed ml,4
1017,data services,4
1018,foreseeable future,4
1019,develop advanced,4
1020,network utilities,4
1021,meet challenges,4
1022,realistic constraints,4
1023,ann-based solutions,4
1024,variety applications,4
1025,learning opportunities,4
1026,efficiency reliability,4
1027,data must,4
1028,data well,4
1029,industrial partners,4
1030,eg smart,4
1031,across different,4
1032,many recent,4
1033,ml applications,4
1034,learning success,4
1035,mobile applications,4
1036,theory practice,4
1037,base stations,4
1038,performance proposed,4
1039,analytics tasks,4
1040,under-represented minority,4
1041,proposes use,4
1042,multi-agent reinforcement,4
1043,provide accurate,4
1044,learning tasks,4
1045,optimize performance,4
1046,networking systems,4
1047,mobile computing,4
1048,newly developed,4
1049,delivery services,4
1050,broad impact,4
1051,foundations proliferation,4
1052,internet-connected devices,4
1053,programmable switches,4
1054,data iot,4
1055,foundations rapid,4
1056,address current,4
1057,evaluate performance,4
1058,embedded computing,4
1059,data among,4
1060,congestion control,4
1061,lower cost,4
1062,network technologies,4
1063,remote access,4
1064,developed software,4
1065,computing frameworks,4
1066,distributed heterogeneous,4
1067,cloud frameworks,4
1068,cloud monitoring,4
1069,application development,4
1070,actionable insights,4
1071,third develop,4
1072,training sessions,4
1073,open-source code,4
1074,develops techniques,4
1075,attract students,4
1076,learning computer,4
1077,software artifacts,4
1078,least 5,4
1079,understanding fundamental,4
1080,smart manufacturing,4
1081,building blocks,4
1082,contributions 1,4
1083,network infrastructure,4
1084,environmental disasters,4
1085,cybersecurity workforce,4
1086,goal work,4
1087,aim develop,4
1088,develop deep,4
1089,airborne computing,4
1090,highly efficient,4
1091,computing platforms,4
1092,edge server,4
1093,developing techniques,4
1094,enhance existing,4
1095,significantly contribute,4
1096,source codes,4
1097,academic researchers,4
1098,current practice,4
1099,two thrusts,4
1100,climate monitoring,4
1101,engaging students,4
1102,handle challenges,4
1103,technologies operation,4
1104,software-defined networking,4
1105,real-time data,4
1106,challenging problem,4
1107,cloud providers,4
1108,field programmable,4
1109,programmable gate,4
1110,data network,4
1111,protect privacy,4
1112,comprehensive education,4
1113,circuit switch,4
1114,become integral,4
1115,make informed,4
1116,work help,4
1117,understand impact,4
1118,four thrusts,4
1119,thrust explores,4
1120,allow users,4
1121,future generations,4
1122,methods developed,4
1123,memory space,4
1124,computing computing,4
1125,raise awareness,4
1126,sla guarantees,4
1127,computing workforce,4
1128,risk assessment,4
1129,changes hardware,4
1130,network structure,4
1131,1 develop,4
1132,diverse students,4
1133,spectrum utilization,4
1134,wireless broadband,4
1135,generation workforce,4
1136,framework development,4
1137,xr user,4
1138,focused wireless,4
1139,involvement students,4
1140,security issues,4
1141,security-related software,4
1142,field testing,4
1143,results contribute,4
1144,system called,4
1145,foundations modern,4
1146,system os,4
1147,making possible,4
1148,minority groups,4
1149,channel attacks,4
1150,design system,4
1151,security mechanisms,4
1152,deadline misses,4
1153,real-time stream,4
1154,user equipment,4
1155,network design,4
1156,key role,4
1157,smart environments,4
1158,female students,4
1159,performance many,4
1160,proposes forward-looking,4
1161,solution suite,4
1162,suite beyond-5g,4
1163,beyond-5g extreme,4
1164,successful work,4
1165,work significantly,4
1166,three key,4
1167,large-scale data,4
1168,simulation experiments,4
1169,persistent storage,4
1170,processing requirements,4
1171,lead better,4
1172,significant impact,4
1173,networking technologies,4
1174,modeling tools,4
1175,freshness optimization,4
1176,applications running,4
1177,analytical models,4
1178,many challenges,4
1179,software systems,4
1180,efficient execution,4
1181,data flow,4
1182,local storage,4
1183,data software,4
1184,security properties,4
1185,memory storage,4
1186,work result,4
1187,sensing capabilities,4
1188,awareness applications,4
1189,proposal addresses,4
1190,model used,4
1191,societal benefits,4
1192,advanced wireless,4
1193,iiot systems,4
1194,network system,4
1195,performance computing,4
1196,provide insights,4
1197,developed framework,4
1198,students researchers,4
1199,data projects,4
1200,foundations software,4
1201,develop software,4
1202,dependency graphs,4
1203,years conclusion,4
1204,traditional approaches,4
1205,foundations addresses,4
1206,critical data,4
1207,prepare students,4
1208,foundations use,4
1209,achieve goals,4
1210,physical infrastructure,4
1211,thrust develop,4
1212,understanding development,4
1213,dynamic environments,4
1214,channel models,4
1215,hardware security,4
1216,information help,4
1217,protecting privacy,4
1218,address critical,4
1219,search rank,4
1220,rank fraud,4
1221,online services,4
1222,develops algorithms,4
1223,teachers qualified,4
1224,qualified teach,4
1225,teach computing,4
1226,students participate,4
1227,pd model,4
1228,knowledge skills,4
1229,provide insight,4
1230,algorithms heuristics,4
1231,application performance,4
1232,step towards,4
1233,experimental evaluations,4
1234,systems objective,4
1235,developing integrated,4
1236,integrated iot,4
1237,iot infrastructure,4
1238,smart heath,4
1239,heath care,4
1240,care testbed,4
1241,testbed smart-office,4
1242,smart-office iot,4
1243,iot testbed,4
1244,design iot,4
1245,iot healthcare,4
1246,engage broad,4
1247,community including,4
1248,including academia,4
1249,broaden computing,4
1250,addresses critical,4
1251,includes three,4
1252,infrastructure enable,4
1253,cise opportunities,4
1254,etc 2,4
1255,3 integrate,4
1256,community 5,4
1257,long-term vision,4
1258,engage community,4
1259,dissemination activities,4
1260,system safety,4
1261,safety-critical systems,4
1262,community infrastructure,4
1263,application areas,4
1264,complex systems,4
1265,systems develop,4
1266,build upon,4
1267,software infrastructure,4
1268,speech technology,4
1269,explore apollo,4
1270,develop generation,4
1271,intelligence machine,4
1272,instrument enables,4
1273,computational chemistry,4
1274,increase students,4
1275,across disciplines,4
1276,activities including,4
1277,hispanic students,4
1278,highly relevant,4
1279,ultimate goal,4
1280,historically black,4
1281,especially underrepresented,4
1282,leverage existing,4
1283,effective efficient,4
1284,information provided,4
1285,widely disseminated,4
1286,level courses,4
1287,mmwave networks,4
1288,data visualization,4
1289,video conferencing,4
1290,multistage manufacturing,4
1291,physical signals,4
1292,3 design,4
1293,design effective,4
1294,algorithms tools,4
1295,ai security,4
1296,one promising,4
1297,based pqc,4
1298,computingbrbrthis foundations,4
1299,ac systems,4
1300,effective methods,4
1301,developing methods,4
1302,designed implemented,4
1303,adversarial machine,4
1304,reliability security,4
1305,foundations activity,4
1306,activity response,4
1307,response dear,4
1308,dear colleague,4
1309,colleague letter,4
1310,letter supporting,4
1311,transition cities,4
1312,us asean,4
1313,asean association,4
1314,association southeast,4
1315,asian nations,4
1316,nations cities,4
1317,cities partnership,4
1318,datasets collected,4
1319,future work,4
1320,minority serving,4
1321,mentoring program,4
1322,food security,4
1323,air quality,4
1324,design optimize,4
1325,outcomes provide,4
1326,composite power,4
1327,enable use,4
1328,activitiesbrbrthis foundations,4
1329,lower quality,4
1330,d-ccc model,4
1331,cyber-physical system,4
1332,healthcare organizations,4
1333,team identify,4
1334,malware detection,4
1335,security enabling,4
1336,help improve,4
1337,improve national,4
1338,national security,4
1339,efficient secure,4
1340,analyze existing,4
1341,cryptographic techniques,4
1342,configuration script,4
1343,false positives,4
1344,static analysis,4
1345,developed techniques,4
1346,public key,4
1347,security performance,4
1348,situational awareness,4
1349,confirmed cases,4
1350,verifiable facts,4
1351,social networks,4
1352,authoritative sources,4
1353,deepfake detector,4
1354,consists two,4
1355,risk level,4
1356,learning activities,4
1357,design control,4
1358,user interface,4
1359,social economic,4
1360,early screening,4
1361,convolutional neural,4
1362,early detection,4
1363,user privacy,4
1364,cellular network,4
1365,health crisis,4
1366,environments integrated,4
1367,community leaders,4
1368,mobility patterns,4
1369,privacy risks,4
1370,covid-19 related,4
1371,understanding privacy,4
1372,disease spread,4
1373,improve health,4
1374,health equity,4
1375,provide privacy,4
1376,media platforms,4
1377,contributions include,4
1378,case study,4
1379,societal benefit,4
1380,digital media,4
1381,reliable internet,4
1382,broadband access,4
1383,across us,4
1384,internet address,4
1385,privacy tools,4
1386,privacy expectations,4
1387,course materials,4
1388,information data,4
1389,program train,4
1390,resilience face,4
1391,loss human,4
1392,phishing attacks,4
1393,around world,4
1394,positive impact,4
1395,securely compute,4
1396,groups eg,4
1397,technical social,4
1398,healthcare resources,4
1399,control policies,4
1400,healthcare system,4
1401,identify potential,4
1402,mitigating impact,4
1403,users access,4
1404,location obfuscation,4
1405,applications eg,4
1406,food banks,4
1407,internet connectivity,4
1408,authentication security,4
1409,team use,4
1410,teachers students,4
1411,pennsylvania oregon,4
1412,oregon education,4
1413,ecs teacher,4
1414,teacher community,4
1415,engaged teaching,4
1416,teaching profession,4
1417,years ecs,4
1418,access cs,4
1419,cs students,4
1420,teachers physical,4
1421,ecs teachers’,4
1422,teacher cs,4
1423,individual shared,4
1424,science teachers,4
1425,jumpstarting philly,4
1426,philly researcher,4
1427,researcher practitioner,4
1428,bring equitable,4
1429,inclusive high-quality,4
1430,high-quality computer,4
1431,instruction aligned,4
1432,aligned educational,4
1433,educational standards,4
1434,standards philadelphia,4
1435,philadelphia students,4
1436,address lack,4
1437,lack equitable,4
1438,access certified,4
1439,educators philadelphia,4
1440,philadelphia schools,4
1441,equity task,4
1442,engaging stakeholders,4
1443,across institutions,4
1444,institutions rpp,4
1445,rpp builds,4
1446,builds capacity,4
1447,capacity improvement,4
1448,improvement scaling,4
1449,efforts bring,4
1450,bring cs,4
1451,teachers administrators,4
1452,diverse pool,4
1453,potential cs,4
1454,students within,4
1455,access quality,4
1456,goal increased,4
1457,team work,4
1458,help teachers,4
1459,science principles,4
1460,principles csp,4
1461,first year,4
1462,sced districts,4
1463,degree programs,4
1464,successful completion,4
1465,year 2,4
1466,learning partnership,4
1467,students’ lives,4
1468,students cps,4
1469,connections program,4
1470,areas advanced,4
1471,develop implement,4
1472,train teachers,4
1473,navajo nation,4
1474,goal create,4
1475,distance measurements,4
1476,vr signal,4
1477,system efficiency,4
1478,due covid-19,4
1479,develop evaluate,4
1480,sensor fusion,4
1481,psychosocial risk,4
1482,essential services,4
1483,learning outcomes,4
1484,food insecurity,4
1485,survey data,4
1486,experience students,4
1487,learning experiences,4
1488,cps teachers,4
1489,cps students,4
1490,lattice reduction,4
1491,human intervention,4
1492,thrusts thrust,4
1493,information individuals,4
1494,covid-19 themed,4
1495,themed malware,4
1496,connected vehicles,4
1497,cryptographic protocols,4
1498,urm women,4
1499,sexual violence,4
1500,abuse victimization,4
1501,computing engineering,4
1502,cache side-channel,4
1503,security guarantees,4
1504,layer secure,4
1505,dynamical systems,4
1506,harsh environments,4
1507,design techniques,4
1508,outreach program,4
1509,fire management,4
1510,ground vehicles,4
1511,secure rt-cps,4
1512,results disseminated,4
1513,said rt-cps,4
1514,scheduling infrastructure,4
1515,specific contributions,4
1516,real-time tasks,4
1517,analytics machine,4
1518,intelligence pipelines,4
1519,engagement activities,4
1520,indoor environmental,4
1521,physiological biometrics,4
1522,psychological measures,4
1523,cause death,4
1524,complex tasks,4
1525,runtime verification,4
1526,pathogen transmission,4
1527,component focuses,4
1528,team comprised,4
1529,deepfake attacks,4
1530,age groups,4
1531,disposable novelty,4
1532,data owners,4
1533,privacy accuracy,4
1534,public libraries,4
1535,tools identify,4
1536,physical damage,4
1537,work includes,4
1538,performance limits,4
1539,gaps current,4
1540,effectively address,4
1541,financial resilience,4
1542,income households,4
1543,social equity,4
1544,data tools,4
1545,reliable operation,4
1546,program a—,4
1547,a— mobility,4
1548,affordability jobs—and,4
1549,jobs—and energybrbrthis,4
1550,work community,4
1551,local government,4
1552,hazards natural,4
1553,privacy protections,4
1554,directly address,4
1555,findings contribute,4
1556,smart mobility,4
1557,mobility solutions,4
1558,extreme events,4
1559,oil gas,4
1560,participatory action,4
1561,civic partners,4
1562,low-income mothers,4
1563,technologies knowledge,4
1564,weather events,4
1565,disaster preparedness,4
1566,jobs essential,4
1567,small- mid-sized,4
1568,mid-sized cities,4
1569,scientific traditional,4
1570,sensing technologies,4
1571,industry partners,4
1572,social graph,4
1573,post-wildfire disasters,4
1574,western us,4
1575,prvr drills,4
1576,designed effectively,4
1577,course development,4
1578,repository data,4
1579,architectures meet,4
1580,autonomous cps,4
1581,photonic switches,4
1582,microarchitectural side-channel,4
1583,prototype-based languages,4
1584,object property,4
1585,property graph,4
1586,industrial wsans,4
1587,multimedia streaming,4
1588,streaming services,4
1589,msc platform,4
1590,models identify,4
1591,enable systems,4
1592,communication synchrony,4
1593,systems operating,4
1594,system one,4
1595,hybrid system,4
1596,air mobility,4
1597,ai autonomy,4
1598,debugging dns,4
1599,dns bugs,4
1600,cloud data,4
1601,ultra-low-power architecture,4
1602,hardware architectures,4
1603,usage agreements,4
1604,fingerprinting algorithms,4
1605,border gateway,4
1606,gateway protocol,4
1607,address social,4
1608,tools clinical,4
1609,business decision,4
1610,making models,4
1611,high-risk populations,4
1612,populations analytics,4
1613,key enabling,4
1614,objective enable,4
1615,radiation temperature,4
1616,tools extract,4
1617,tech site,4
1618,commodity os,4
1619,rights activists,4
1620,plausible deniability,4
1621,graph ids,4
1622,control mechanisms,3
1623,useful information,3
1624,information could,3
1625,graphical processing,3
1626,students involved,3
1627,educational applications,3
1628,increase performance,3
1629,denial service,3
1630,students well,3
1631,andor evaluate,3
1632,many vulnerabilities,3
1633,prosperity welfare,3
1634,give rise,3
1635,use case,3
1636,security controls,3
1637,costs achieve,3
1638,framework used,3
1639,risk analysis,3
1640,extremely challenging,3
1641,education train,3
1642,activities focused,3
1643,theoretical understanding,3
1644,privacy-preserving algorithms,3
1645,outsourcing database,3
1646,communication networks,3
1647,secure distributed,3
1648,distributed protocols,3
1649,secure multi-party,3
1650,communication metrics,3
1651,address issue,3
1652,systematic study,3
1653,performance overhead,3
1654,underlying hardware,3
1655,building reliable,3
1656,computing environments,3
1657,help keep,3
1658,security monitoring,3
1659,performance cost,3
1660,help protect,3
1661,commonly used,3
1662,investigators expect,3
1663,currently used,3
1664,broken quantum,3
1665,systems proposed,3
1666,students educational,3
1667,underrepresented groupsbrbrthe,3
1668,goal analyze,3
1669,security lattice-based,3
1670,wireless devices,3
1671,transportation energy,3
1672,work enable,3
1673,communication technologies,3
1674,theories algorithms,3
1675,approach exploits,3
1676,implementation testing,3
1677,understand fundamental,3
1678,guide design,3
1679,safety reliability,3
1680,proposed methods,3
1681,foundations todays,3
1682,intelligence applications,3
1683,networks emerging,3
1684,directly applicable,3
1685,wireless computing,3
1686,unique features,3
1687,networks wireless,3
1688,consists three,3
1689,co-design thrust,3
1690,coding information,3
1691,several decades,3
1692,theory deep,3
1693,play crucial,3
1694,crucial role,3
1695,maintained online,3
1696,code documentation,3
1697,outcomes used,3
1698,two areas,3
1699,tools deep,3
1700,models codes,3
1701,codes generated,3
1702,provides unique,3
1703,vantage point,3
1704,study mathematical,3
1705,propertiesbrbrthis foundations,3
1706,local data,3
1707,data samples,3
1708,data loss,3
1709,framework named,3
1710,coded computing,3
1711,economic impact,3
1712,towards scalable,3
1713,federated machine,3
1714,fundamental principles,3
1715,user data,3
1716,networks mobile,3
1717,advanced computing,3
1718,cell phones,3
1719,cognitive radio,3
1720,technology allows,3
1721,brbrthis develop,3
1722,operating conditions,3
1723,learning rl,3
1724,many existing,3
1725,model selection,3
1726,driving force,3
1727,robustness security,3
1728,approaches conventional,3
1729,systems thus,3
1730,focuses physical,3
1731,design methods,3
1732,channels 2,3
1733,massive mimo,3
1734,channelsbrbrthis foundations,3
1735,public awareness,3
1736,constraints computing,3
1737,computing power,3
1738,enable effective,3
1739,moving data,3
1740,data computation,3
1741,variety data,3
1742,computing edge,3
1743,services eg,3
1744,addressing fundamental,3
1745,data wireless,3
1746,learning ii,3
1747,several challenges,3
1748,distributed edge,3
1749,edge device,3
1750,across network,3
1751,privacy issues,3
1752,foundations demand,3
1753,demand wireless,3
1754,services continue,3
1755,network throughput,3
1756,overall network,3
1757,network environment,3
1758,main novelty,3
1759,based artificial,3
1760,techniques applied,3
1761,develop set,3
1762,holistic solutions,3
1763,developed order,3
1764,expected major,3
1765,building block,3
1766,foundations wireless,3
1767,systems enable,3
1768,two major,3
1769,computing nodes,3
1770,bottleneck due,3
1771,must moved,3
1772,optimization theory,3
1773,sharing sensitive,3
1774,data points,3
1775,smart transportation,3
1776,impact includes,3
1777,wireless systems,3
1778,impact society,3
1779,radio access,3
1780,design distributed,3
1781,ii design,3
1782,communication efficiency,3
1783,security data,3
1784,data models,3
1785,team plans,3
1786,challenges opportunities,3
1787,ml models,3
1788,model training,3
1789,groups students,3
1790,students brbrthe,3
1791,significantly reducing,3
1792,reducing communication,3
1793,actionable information,3
1794,mobile phone,3
1795,compress data,3
1796,data transmission,3
1797,data analyzed,3
1798,existing data,3
1799,compression algorithms,3
1800,analytics accuracy,3
1801,design adaptive,3
1802,computational power,3
1803,wireless protocols,3
1804,learning fl,3
1805,data locally,3
1806,wireless multi-hop,3
1807,wireless community,3
1808,mesh networks,3
1809,fl system,3
1810,expected advance,3
1811,promote understanding,3
1812,foundations distributed,3
1813,provide unique,3
1814,communication constraints,3
1815,wireless links,3
1816,thrusts include,3
1817,1 developing,3
1818,system via,3
1819,devices 3,3
1820,processing techniques,3
1821,sensing management,3
1822,computation distributed,3
1823,spectrum sensing,3
1824,existing curricula,3
1825,practicesbrbrthis foundations,3
1826,expected play,3
1827,algorithms real-time,3
1828,surrounding environment,3
1829,development techniques,3
1830,uav systems,3
1831,outreach educational,3
1832,two complementary,3
1833,without human,3
1834,key challenges,3
1835,human operators,3
1836,network management,3
1837,network data,3
1838,developing solutions,3
1839,use limited,3
1840,data machine,3
1841,data types,3
1842,hd computing,3
1843,data knowledge,3
1844,developed tested,3
1845,vast amounts,3
1846,performance scalability,3
1847,center network,3
1848,networks become,3
1849,networks today,3
1850,rapidly increasing,3
1851,within network,3
1852,systems far,3
1853,latency-sensitive applications,3
1854,flow control,3
1855,successful help,3
1856,rapidly evolving,3
1857,help train,3
1858,simulations experimental,3
1859,experimental results,3
1860,years completion,3
1861,systems providing,3
1862,datacenter systems,3
1863,network devices,3
1864,around globe,3
1865,improving efficiency,3
1866,dramatically reduce,3
1867,software enable,3
1868,datacenter applications,3
1869,public repository,3
1870,foundations cloud,3
1871,frameworks enable,3
1872,complexity distributed,3
1873,various forms,3
1874,development system,3
1875,system designbrbrthis,3
1876,designbrbrthis explore,3
1877,computing infrastructures,3
1878,applications specifically,3
1879,measurement techniques,3
1880,layers abstraction,3
1881,tools provide,3
1882,provide actionable,3
1883,tools analyze,3
1884,knowledge gap,3
1885,application developers,3
1886,provide efficient,3
1887,techniques address,3
1888,code execution,3
1889,hands-on training,3
1890,facilitate development,3
1891,throughout lifetime,3
1892,analytics applications,3
1893,key reason,3
1894,efficiently utilize,3
1895,resource requirements,3
1896,second develops,3
1897,spatial temporal,3
1898,applications previously,3
1899,interdisciplinary nature,3
1900,stochastic geometry,3
1901,results provide,3
1902,analysis framework,3
1903,analytical tools,3
1904,performance metrics,3
1905,fundamental performance,3
1906,learning data,3
1907,iiot applications,3
1908,findings shared,3
1909,control protocol,3
1910,real-time scheduling,3
1911,make following,3
1912,offers opportunity,3
1913,optimization problem,3
1914,software solutions,3
1915,real-time traffic,3
1916,work carried,3
1917,fatal consequences,3
1918,systems eg,3
1919,objective create,3
1920,heterogeneous iot,3
1921,goal developing,3
1922,main aim,3
1923,privacy needs,3
1924,order make,3
1925,industry academia,3
1926,public safety,3
1927,two fundamental,3
1928,investigated 1,3
1929,channel modeling,3
1930,computing applications,3
1931,framework leverages,3
1932,efficiency data,3
1933,software eg,3
1934,storage hardware,3
1935,system software,3
1936,software stack,3
1937,usage scenarios,3
1938,devices provide,3
1939,edge inference,3
1940,current practices,3
1941,improve design,3
1942,especially under-represented,3
1943,technology engineering,3
1944,security solutions,3
1945,prevention detection,3
1946,cyber-attack models,3
1947,minority underrepresented,3
1948,students chicago,3
1949,jointly funded,3
1950,trustworthy cyberspace,3
1951,program established,3
1952,established program,3
1953,program stimulate,3
1954,stimulate competitive,3
1955,attack detection,3
1956,radio frequency,3
1957,promising solution,3
1958,wireless design,3
1959,directional links,3
1960,urban areas,3
1961,distribution network,3
1962,including government,3
1963,distribution networks,3
1964,us ignite,3
1965,key stakeholders,3
1966,cloud applications,3
1967,accelerators cloud,3
1968,services use,3
1969,efficient privacy-preserving,3
1970,information provide,3
1971,hybrid switching,3
1972,partial reconfiguration,3
1973,transmit data,3
1974,significantly increase,3
1975,includes outreach,3
1976,switching ossp,3
1977,second investigate,3
1978,engineers use,3
1979,need develop,3
1980,networks provide,3
1981,provide basis,3
1982,verification tools,3
1983,internet outages,3
1984,outage detection,3
1985,internet reliability,3
1986,directly measure,3
1987,improve confidence,3
1988,multiple data,3
1989,ability use,3
1990,could help,3
1991,allows users,3
1992,explores approaches,3
1993,techniques applicable,3
1994,contribute development,3
1995,publications code,3
1996,data artifacts,3
1997,cloud platforms,3
1998,results impact,3
1999,global scale,3
2000,soft real-time,3
2001,efficient scalable,3
2002,foundations last,3
2003,achieved developing,3
2004,challenging problems,3
2005,develop models,3
2006,performance guarantees,3
2007,performance degradation,3
2008,future computing,3
2009,convex optimization,3
2010,risk-aware edge,3
2011,edge resource,3
2012,even though,3
2013,make data,3
2014,deleted data,3
2015,flash memory,3
2016,coursesbrbrthis foundations,3
2017,explosive growth,3
2018,noisy data,3
2019,networks beyond,3
2020,spectrum policies,3
2021,providing tools,3
2022,compare different,3
2023,enable data,3
2024,send receive,3
2025,receive data,3
2026,communication technology,3
2027,study impact,3
2028,impact proposed,3
2029,potential enable,3
2030,groupsbrbrthis foundations,3
2031,extended reality,3
2032,reality xr,3
2033,multiple domains,3
2034,domains ranging,3
2035,however date,3
2036,potentially enable,3
2037,enable users,3
2038,use xr,3
2039,communication system,3
2040,development precise,3
2041,adapt network,3
2042,combination simulations,3
2043,user experimentsbrbrthis,3
2044,technologies applications,3
2045,students hands-on,3
2046,hands-on activities,3
2047,community wireless,3
2048,broad dissemination,3
2049,software updates,3
2050,need better,3
2051,decision-making processes,3
2052,personal computing,3
2053,may affect,3
2054,software update,3
2055,embedded system,3
2056,safety-critical applications,3
2057,legacy systems,3
2058,offer opportunities,3
2059,neuromorphic computing,3
2060,systems cloud,3
2061,across globe,3
2062,hardware devices,3
2063,resource disaggregation,3
2064,effective means,3
2065,managed cloud,3
2066,focuses three,3
2067,memory servers,3
2068,advances art,3
2069,security implications,3
2070,web browsers,3
2071,internet standards,3
2072,measure internet,3
2073,leverage unique,3
2074,real-time sensor,3
2075,data streams,3
2076,expected provide,3
2077,connected autonomous,3
2078,medical diagnosis,3
2079,multiple access,3
2080,many aspects,3
2081,engineering design,3
2082,scientific engineering,3
2083,greatly advance,3
2084,critical issues,3
2085,maximize impact,3
2086,impact researchers,3
2087,collaborate industry,3
2088,release software,3
2089,software public,3
2090,public outcome,3
2091,outcome incorporated,3
2092,develops approaches,3
2093,critical component,3
2094,detection prevention,3
2095,packet scheduling,3
2096,time response,3
2097,widely deployed,3
2098,access information,3
2099,every aspect,3
2100,aspect daily,3
2101,different data,3
2102,real iot,3
2103,raises serious,3
2104,via combination,3
2105,existing iot,3
2106,systems order,3
2107,applications different,3
2108,dynamically adjust,3
2109,systems addressing,3
2110,systems 2,3
2111,florida international,3
2112,beyond end,3
2113,information sources,3
2114,optimization techniques,3
2115,ai applications,3
2116,state-of-the-art approaches,3
2117,learning applications,3
2118,neuromorphic processors,3
2119,correctness results,3
2120,well understood,3
2121,provide systematic,3
2122,develop efficient,3
2123,designing developing,3
2124,efficient communication,3
2125,sophisticated runtime,3
2126,programming model,3
2127,fault tolerance,3
2128,flow graph,3
2129,areas computer,3
2130,operating systems,3
2131,students towards,3
2132,challenging due,3
2133,management policies,3
2134,comprehensive understanding,3
2135,memory technology,3
2136,systems data,3
2137,network capabilities,3
2138,requirements generation,3
2139,generation applications,3
2140,micro datacenters,3
2141,limited hardware,3
2142,speed accuracy,3
2143,ensure efficient,3
2144,activities involve,3
2145,thrust builds,3
2146,cross-layer optimization,3
2147,industrial internet,3
2148,needed provide,3
2149,framework enables,3
2150,sensing control,3
2151,control operations,3
2152,intermittent data,3
2153,investigating three,3
2154,composite resource,3
2155,among multiple,3
2156,large-scale iiot,3
2157,ii develop,3
2158,iii design,3
2159,develop composite,3
2160,simulation tools,3
2161,framework provide,3
2162,provable performance,3
2163,learning agents,3
2164,developing distributed,3
2165,network congestion,3
2166,computing hpc,3
2167,developed based,3
2168,existing tools,3
2169,tools leverage,3
2170,provide students,3
2171,distributed networks,3
2172,proposal address,3
2173,integration multiple,3
2174,systems create,3
2175,database systems,3
2176,analyze extract,3
2177,systems performance,3
2178,introduces key,3
2179,non-volatile memory,3
2180,data structure,3
2181,component modern,3
2182,operational cost,3
2183,need data,3
2184,education generation,3
2185,network unmanned,3
2186,transportation manufacturing,3
2187,network conditions,3
2188,network slicing,3
2189,diverse service,3
2190,goals develop,3
2191,evaluate validate,3
2192,cannot easily,3
2193,core idea,3
2194,develop hardware,3
2195,use automated,3
2196,improve robustness,3
2197,low latency,3
2198,real-time video,3
2199,augmented virtual,3
2200,opportunities underrepresented,3
2201,economic opportunities,3
2202,students traditionally,3
2203,last years,3
2204,well data,3
2205,systems vulnerable,3
2206,systems deployed,3
2207,authentication methods,3
2208,brbrall data,3
2209,information develop,3
2210,monitoring data,3
2211,public internet,3
2212,security analysis,3
2213,curated datasets,3
2214,techniques data,3
2215,academic community,3
2216,diverse community,3
2217,team designing,3
2218,finally team,3
2219,team leverage,3
2220,game theory,3
2221,approach includes,3
2222,temporal logic,3
2223,constraints imposed,3
2224,addresses fundamental,3
2225,since 2016,3
2226,ballots drawn,3
2227,drawn stages,3
2228,rural low-income,3
2229,low-income areas,3
2230,lack diversity,3
2231,science math,3
2232,teachers teach,3
2233,includes researchers,3
2234,create test,3
2235,computing education,3
2236,instructional design,3
2237,integrate computing,3
2238,micro-credentialing system,3
2239,qualitative quantitative,3
2240,intimate partner,3
2241,coordinated harassment,3
2242,multidisciplinary team,3
2243,us census,3
2244,mentoring students,3
2245,federal agencies,3
2246,efficient protocols,3
2247,system integrates,3
2248,unlike traditional,3
2249,industrial systems,3
2250,generate data,3
2251,data andor,3
2252,objective address,3
2253,infrastructure provides,3
2254,infrastructure first,3
2255,including underrepresented,3
2256,testbed testbed,3
2257,iot edge,3
2258,server store,3
2259,applications apps,3
2260,devices enable,3
2261,2 engage,3
2262,development proposed,3
2263,south carolina,3
2264,groups community,3
2265,github repository,3
2266,outreach dissemination,3
2267,activities planned,3
2268,data eg,3
2269,synthetic 3d,3
2270,3d models,3
2271,3d scene,3
2272,used train,3
2273,deliver packages,3
2274,model system,3
2275,real systems,3
2276,verification tool,3
2277,create community,3
2278,community resource,3
2279,several hundred,3
2280,storage resources,3
2281,sets data,3
2282,systems key,3
2283,systems community,3
2284,learning experience,3
2285,engineering disciplines,3
2286,enable broad,3
2287,including researchers,3
2288,researchers developers,3
2289,diverse set,3
2290,us government,3
2291,agencies researchers,3
2292,electronic devices,3
2293,finally development,3
2294,area quantum,3
2295,quantum algorithms,3
2296,access computer,3
2297,topics related,3
2298,use artificial,3
2299,educational material,3
2300,potential use,3
2301,micromobility vehicles,3
2302,paradigm provides,3
2303,opportunities computer,3
2304,public policy,3
2305,community researchers,3
2306,2 implement,3
2307,electrical engineering,3
2308,womenbrbrthis foundations,3
2309,audio resource,3
2310,due lack,3
2311,team create,3
2312,team provide,3
2313,across various,3
2314,user feedback,3
2315,strategies develop,3
2316,ai machine,3
2317,algorithms techniques,3
2318,knowledge discovery,3
2319,significant problems,3
2320,gpu-accelerated computing,3
2321,computing capacity,3
2322,compute nodes,3
2323,hispanic-serving institution,3
2324,group students,3
2325,collaborative efforts,3
2326,instrument enable,3
2327,system potential,3
2328,potential improve,3
2329,environmental data,3
2330,data integration,3
2331,among computer,3
2332,tech industry,3
2333,sciences degrees,3
2334,degrees conferred,3
2335,workforce shortages,3
2336,efforts broaden,3
2337,specific computer,3
2338,analyze data,3
2339,race ethnicity,3
2340,diversity computer,3
2341,science faculty,3
2342,faculty industry,3
2343,current data,3
2344,advance scientific,3
2345,safety guarantees,3
2346,proposed effort,3
2347,prairie view,3
2348,computing smart,3
2349,black college,3
2350,college hbcu,3
2351,activities engage,3
2352,students provide,3
2353,testing validation,3
2354,broad spectrum,3
2355,virtual augmented,3
2356,shared data,3
2357,visualization instrumentation,3
2358,contribute advancement,3
2359,generate knowledge,3
2360,structured unstructured,3
2361,models useful,3
2362,science data,3
2363,foundations develops,3
2364,researchers address,3
2365,monitoring control,3
2366,term goal,3
2367,develop integrate,3
2368,detection classification,3
2369,deposition tool,3
2370,mbe system,3
2371,nanoscale structures,3
2372,quantum networking,3
2373,rapid development,3
2374,serve broad,3
2375,community chicago,3
2376,training future,3
2377,integrity attacks,3
2378,cyber-threat detection,3
2379,data integrity,3
2380,fault attacks,3
2381,explore ways,3
2382,level protection,3
2383,post-quantum cryptography,3
2384,cryptographic algorithms,3
2385,algorithms implemented,3
2386,detection scheme,3
2387,expected generate,3
2388,results data,3
2389,americans represent,3
2390,longitudinal data,3
2391,interview data,3
2392,3 exploring,3
2393,obfuscation methods,3
2394,students engage,3
2395,hardware systems,3
2396,two main,3
2397,evaluate security,3
2398,algorithms including,3
2399,content masking,3
2400,masking attacks,3
2401,content integrity,3
2402,feature extraction,3
2403,techniques iv,3
2404,environmental monitoring,3
2405,autonomous underwater,3
2406,underwater vehicles,3
2407,interdisciplinary team,3
2408,system integrated,3
2409,along three,3
2410,well economic,3
2411,asean region,3
2412,science social,3
2413,social network,3
2414,drivers passengers,3
2415,often lack,3
2416,serving institutions,3
2417,goal use,3
2418,diverse population,3
2419,highly dynamic,3
2420,provide broad,3
2421,foundations eager,3
2422,eager engages,3
2423,engages potential,3
2424,entrepreneurship education,3
2425,stem faculty,3
2426,bike lane,3
2427,generate power,3
2428,matching process,3
2429,ai system,3
2430,future workers,3
2431,challenges developing,3
2432,quality care,3
2433,services 2,3
2434,community well,3
2435,needs assessment,3
2436,security computer,3
2437,detection system,3
2438,advanced machine,3
2439,techniques enhance,3
2440,play major,3
2441,major role,3
2442,weaknesses configuration,3
2443,address limitations,3
2444,automatically detect,3
2445,government industry,3
2446,changing environments,3
2447,reliable information,3
2448,informed decision,3
2449,misinformation disinformation,3
2450,economic recovery,3
2451,timely manner,3
2452,ebka approach,3
2453,result data,3
2454,publicbrbrthis foundations,3
2455,foundations era,3
2456,images videos,3
2457,proposed benefit,3
2458,learning mechanism,3
2459,tools allow,3
2460,social networking,3
2461,work broad,3
2462,online education,3
2463,playing field,3
2464,covid-19 cases,3
2465,national international,3
2466,infection risk,3
2467,results pilot,3
2468,science course,3
2469,science students,3
2470,full proposal,3
2471,decision systems,3
2472,access services,3
2473,produce replicable,3
2474,people across,3
2475,pre-trained models,3
2476,synthetic data,3
2477,approaches mitigate,3
2478,techniques mobile,3
2479,advance national,3
2480,infection rates,3
2481,contacts confirmed,3
2482,foundations proposes,3
2483,face covid-19,3
2484,assess security,3
2485,open data,3
2486,researchers community,3
2487,mobile network,3
2488,covid-19 data,3
2489,benefit students,3
2490,individual users,3
2491,privacy risk,3
2492,coronavirus crisis,3
2493,global health,3
2494,investigators develop,3
2495,understanding unique,3
2496,actions taken,3
2497,information dissemination,3
2498,effective response,3
2499,privacy social,3
2500,privacy mechanisms,3
2501,knowledge regarding,3
2502,mobile application,3
2503,risk monitoring,3
2504,areabrbrthis foundations,3
2505,virus transmission,3
2506,collecting analyzing,3
2507,disease covid-19,3
2508,consumer behavior,3
2509,shortages critical,3
2510,disease prevention,3
2511,health science,3
2512,nyc neighborhoods,3
2513,resiliencebrbrthis foundations,3
2514,health society,3
2515,transfer learning,3
2516,health measures,3
2517,limit spread,3
2518,changes daily,3
2519,measures place,3
2520,following website,3
2521,data develops,3
2522,predictive modeling,3
2523,data gathering,3
2524,health data,3
2525,early warning,3
2526,integrated approach,3
2527,foundations study,3
2528,become increasingly,3
2529,networks 2,3
2530,tracing system,3
2531,covid detector,3
2532,protect user,3
2533,healthy users,3
2534,results help,3
2535,people disabilities,3
2536,researchers first,3
2537,organized around,3
2538,around three,3
2539,first phase,3
2540,team conduct,3
2541,facing unprecedented,3
2542,test servers,3
2543,critical internet,3
2544,lean launchpad,3
2545,results study,3
2546,foundations spread,3
2547,towards improving,3
2548,central server,3
2549,far less,3
2550,medical device,3
2551,underrepresented populations,3
2552,local national,3
2553,strategies covid-19,3
2554,strategies limit,3
2555,network modeling,3
2556,decision makers,3
2557,future outbreaks,3
2558,strategies use,3
2559,minimize spread,3
2560,analysis mathematical,3
2561,system activities,3
2562,causality analysis,3
2563,security analysts,3
2564,due limited,3
2565,entry points,3
2566,systembrbrthis foundations,3
2567,control authorization,3
2568,focuses investigating,3
2569,nested black-box,3
2570,black-box functions,3
2571,disseminated broadly,3
2572,involving students,3
2573,different levels,3
2574,students color,3
2575,science information,3
2576,stem illinois,3
2577,local federal,3
2578,model uncertainties,3
2579,important societal,3
2580,personal data,3
2581,barriers pro-sp,3
2582,allow people,3
2583,digital communications,3
2584,improve ability,3
2585,communitiesbrbrthis foundations,3
2586,coronavirus disease,3
2587,interconnected thrusts,3
2588,location differential,3
2589,approach community,3
2590,current covid-19,3
2591,researchers study,3
2592,current privacy,3
2593,mobility features,3
2594,users participate,3
2595,students outreach,3
2596,adversarial models,3
2597,travel time,3
2598,travel demand,3
2599,connected program,3
2600,strong community,3
2601,digital divide,3
2602,data improve,3
2603,pilot deployment,3
2604,builds upon,3
2605,services like,3
2606,email systems,3
2607,phishing emails,3
2608,interpretable machine,3
2609,work organized,3
2610,user studies,3
2611,heterogeneous wireless,3
2612,organized three,3
2613,thrusts develop,3
2614,fundamental limits,3
2615,video delivery,3
2616,comprehensive report,3
2617,teaching computer,3
2618,improving access,3
2619,team partner,3
2620,develop online,3
2621,core group,3
2622,equity issues,3
2623,computational thinking,3
2624,ecs pd,3
2625,cs expertise,3
2626,learning engagement,3
2627,2 create,3
2628,create pilot,3
2629,like covid-19,3
2630,privacy rights,3
2631,traditionally underrepresented,3
2632,measured surveys,3
2633,pedagogical content,3
2634,increased use,3
2635,offered computer,3
2636,students computing,3
2637,issues surrounding,3
2638,equity within,3
2639,increasing access,3
2640,networked improvement,3
2641,improvement community,3
2642,community nic,3
2643,public sector,3
2644,steering committee,3
2645,students community,3
2646,community meetings,3
2647,race gender,3
2648,cs careers,3
2649,middle students,3
2650,cs access,3
2651,awareness cs,3
2652,students teachers,3
2653,students cs,3
2654,materials teachers,3
2655,pd materials,3
2656,designed help,3
2657,research-practitioner partnership,3
2658,approaches techniques,3
2659,code coverage,3
2660,vulnerability finding,3
2661,young people’s,3
2662,mathematics classrooms,3
2663,science teaching,3
2664,designing evaluating,3
2665,build community,3
2666,teachers sced,3
2667,2 use,3
2668,pathways students,3
2669,students cmsd,3
2670,districts across,3
2671,test institutionalize,3
2672,proposal design,3
2673,team design,3
2674,foundations learning,3
2675,cs course,3
2676,outcomes latinx,3
2677,students connect,3
2678,unique development,3
2679,cafécs coaching,3
2680,course pathway,3
2681,students take,3
2682,ongoing hcs,3
2683,graduation rates,3
2684,products services,3
2685,three phases,3
2686,students taking,3
2687,effectively teach,3
2688,long-term goal,3
2689,materials train,3
2690,courses provide,3
2691,underrepresented population,3
2692,community stakeholders,3
2693,development training,3
2694,start sjv,3
2695,engineering students,3
2696,pre-symptoms infection,3
2697,skin temperature,3
2698,important role,3
2699,computational models,3
2700,proposed device,3
2701,shift online,3
2702,community education,3
2703,gather data,3
2704,impact global,3
2705,global pandemic,3
2706,identify specific,3
2707,methods systems,3
2708,signal tiling,3
2709,allocation methods,3
2710,methods leverage,3
2711,remote food,3
2712,delivery problems,3
2713,food bank,3
2714,black population,3
2715,black community,3
2716,without need,3
2717,accuracy robustness,3
2718,ubiquitous wireless,3
2719,system would,3
2720,environmental factors,3
2721,access technology,3
2722,impact remote,3
2723,vulnerable students,3
2724,measurement data,3
2725,predictive models,3
2726,first focus,3
2727,course students,3
2728,three questions,3
2729,online teacher,3
2730,teacher development,3
2731,direct impact,3
2732,algorithms operate,3
2733,fully autonomous,3
2734,experimental validation,3
2735,monitoring technologies,3
2736,systematically explore,3
2737,model provide,3
2738,variant analysis,3
2739,integrated framework,3
2740,help mitigate,3
2741,urban traffic,3
2742,traffic modeling,3
2743,preserving techniques,3
2744,local information,3
2745,pilot initiative,3
2746,long-term sustainability,3
2747,calculus physics,3
2748,science computer,3
2749,1 advance,3
2750,psychological health,3
2751,private sector,3
2752,leadership development,3
2753,leadership positions,3
2754,attack surface,3
2755,software mitigation,3
2756,data first,3
2757,cnn model,3
2758,network layer,3
2759,defense techniques,3
2760,team collect,3
2761,qualitative data,3
2762,design cps,3
2763,science cyber-physical,3
2764,systems transportation,3
2765,autonomous uavs,3
2766,integration education,3
2767,brbrthis response,3
2768,many cyber-physical,3
2769,may result,3
2770,agriculture name,3
2771,systems users,3
2772,students engineering,3
2773,attacks moving,3
2774,moving target,3
2775,protect integrity,3
2776,framework exploits,3
2777,fields cps,3
2778,intelligent systems,3
2779,robust perception,3
2780,perception components,3
2781,educational facilities,3
2782,control 2,3
2783,strategies including,3
2784,perception control,3
2785,geometry appearance,3
2786,control robot,3
2787,assembly tasks,3
2788,control architectures,3
2789,software engineering,3
2790,feedback loop,3
2791,reduce pathogen,3
2792,needed address,3
2793,optimal control,3
2794,unknown dynamics,3
2795,measurement systems,3
2796,pd providers,3
2797,data inform,3
2798,content delivery,3
2799,summer 2020,3
2800,video audio,3
2801,environmental fingerprints,3
2802,individuals different,3
2803,different age,3
2804,behavioral physiological,3
2805,two dimensions,3
2806,emergent events,3
2807,events including,3
2808,longer term,3
2809,pilot study,3
2810,analyses implementations,3
2811,second develop,3
2812,community disaster,3
2813,science industry,3
2814,critical information,3
2815,among community,3
2816,information infrastructure,3
2817,natural disaster,3
2818,access transportation,3
2819,wearable sensors,3
2820,access employment,3
2821,decoy measurements,3
2822,measurements mislead,3
2823,mislead adversaries,3
2824,financial literacy,3
2825,second component,3
2826,faculty early,3
2827,early career,3
2828,career development,3
2829,development career,3
2830,supported cross-directorate,3
2831,cross-directorate foundational,3
2832,foundational robotics,3
2833,robotics program,3
2834,program jointly,3
2835,jointly managed,3
2836,managed funded,3
2837,funded directorates,3
2838,directorates engineering,3
2839,engineering eng,3
2840,eng computer,3
2841,engineering cisebrbrthis,3
2842,cisebrbrthis foundations,3
2843,data exploration,3
2844,currently limited,3
2845,serve model,3
2846,car ownership,3
2847,traffic signals,3
2848,mobility choices,3
2849,2 pilot,3
2850,flood hazards,3
2851,unprecedented challenges,3
2852,hazard modeling,3
2853,hazard mitigation,3
2854,research-centered pilot,3
2855,care networks,3
2856,relevant stakeholders,3
2857,residents access,3
2858,demand responsive,3
2859,sustainable mobility,3
2860,bus routes,3
2861,civic engagement,3
2862,community impact,3
2863,use community,3
2864,program -,3
2865,greater preparedness,3
2866,offshore oil,3
2867,community-based participatory,3
2868,puerto rico,3
2869,“access poverty”,3
2870,local organizations,3
2871,jobs affordable,3
2872,travel burden,3
2873,employment housing,3
2874,low-wage workers,3
2875,ameliorate spatiotemporal,3
2876,spatiotemporal mismatch,3
2877,system based,3
2878,housing employment,3
2879,designing building,3
2880,low-income residents,3
2881,transportation costs,3
2882,socioeconomic mobility,3
2883,control group,3
2884,systems leveraging,3
2885,subsurface data,3
2886,community water,3
2887,small water,3
2888,health conditions,3
2889,struggle access,3
2890,under-resourced municipalities,3
2891,xr technology,3
2892,preparation response,3
2893,decision-making tools,3
2894,resilience indicators,3
2895,ost opportunities,3
2896,policies governance,3
2897,mobility business,3
2898,business models,3
2899,accessibility jobs,3
2900,essential activities,3
2901,cities rural,3
2902,mobility challenges,3
2903,pilot enable,3
2904,foundations decades,3
2905,ride-hail program,3
2906,drivers riders,3
2907,lpwa networks,3
2908,cold regions,3
2909,technical approaches,3
2910,broadband deployment,3
2911,approaches towards,3
2912,network efficiency,3
2913,consumer’s edge,3
2914,self-driving car,3
2915,certifiable perception,3
2916,safety requirements,3
2917,response career,3
2918,career 20-525,3
2919,20-525 solicitationbrbrthis,3
2920,learning inference,3
2921,inference routing,3
2922,network information,3
2923,mobility strategies,3
2924,foundations cryptographic,3
2925,precise whole-kernel,3
2926,whole-kernel analysis,3
2927,security errors,3
2928,aim make,3
2929,digital infrastructure,3
2930,existing systems,3
2931,mmwave backscattering,3
2932,mmwave backscatter,3
2933,networking sensing,3
2934,data 2,3
2935,implemented evaluated,3
2936,adversarial training,3
2937,explainable ai,3
2938,devices would,3
2939,orders magnitude,3
2940,uncertain dynamic,3
2941,better performance,3
2942,security analytics,3
2943,web application,3
2944,real-world applications,3
2945,operating environment,3
2946,network configuration,3
2947,security analyses,3
2948,hardware designers,3
2949,hardware trojans,3
2950,security challenges,3
2951,robust learning,3
2952,exogenous information,3
2953,information design,3
2954,robust machine,3
2955,learning generalization,3
2956,billions users,3
2957,predictable data,3
2958,compute accelerators,3
2959,cloud management,3
2960,privacy laws,3
2961,next-generation wireless,3
2962,drl methods,3
2963,tools include,3
2964,ai service,3
2965,network operators,3
2966,wearable massive-sensor,3
2967,massive-sensor computers,3
2968,systems use,3
2969,complex cryptographic,3
2970,model serving,3
2971,acoustic channel,3
2972,networked airborne,3
2973,memory safety,3
2974,correlated data,3
2975,path announcements,3
2976,key infrastructure,3
2977,potential security,3
2978,ics protocols,3
2979,us healthcare,3
2980,largest sectors,3
2981,sectors economy,3
2982,however industry,3
2983,industry designed,3
2984,social technological,3
2985,technological health,3
2986,health problems,3
2987,problems facing,3
2988,facing nation,3
2989,nation example,3
2990,example addiction,3
2991,addiction among,3
2992,among leading,3
2993,death economic,3
2994,economic burden,3
2995,burden people,3
2996,people addiction,3
2997,addiction often,3
2998,often receive,3
2999,receive poor,3
3000,poor healthcare,3
3001,healthcare healthcare,3
3002,healthcare designed,3
3003,designed deal,3
3004,deal clinical,3
3005,clinical problems,3
3006,problems social,3
3007,determinants largest,3
3008,largest drivers,3
3009,drivers costs,3
3010,costs poor,3
3011,health healthcare,3
3012,organizations need,3
3013,need analytic,3
3014,help manage,3
3015,manage needs,3
3016,needs risks,3
3017,risks entire,3
3018,entire populations,3
3019,populations technologies,3
3020,technologies scientific,3
3021,scientific advancements,3
3022,advancements needed,3
3023,needed improve,3
3024,health prosperitybrbra,3
3025,prosperitybrbra partnership,3
3026,partnership indiana,3
3027,indiana ohio,3
3028,ohio florida,3
3029,florida center,3
3030,center population,3
3031,analytics technology,3
3032,technology cphat,3
3033,cphat advance,3
3034,advance technologies,3
3035,knowledge methods,3
3036,health wellbeing,3
3037,wellbeing related,3
3038,related social,3
3039,determinants health,3
3040,analytics addiction,3
3041,addiction cphat,3
3042,cphat produce,3
3043,produce tools,3
3044,clinical business,3
3045,identify high-risk,3
3046,analytics address,3
3047,address health,3
3048,health inequities,3
3049,inequities interventions,3
3050,interventions addiction,3
3051,cphat positive,3
3052,impact well-being,3
3053,improving effectiveness,3
3054,effectiveness equity,3
3055,equity us,3
3056,us health,3
3057,care cphat,3
3058,cphat partner,3
3059,partner innovative,3
3060,innovative industry,3
3061,industry members,3
3062,members develop,3
3063,develop science,3
3064,technology necessary,3
3065,necessary deal,3
3066,deal social,3
3067,social behavioral,3
3068,behavioral drivers,3
3069,drivers poor,3
3070,health dramatic,3
3071,dramatic departure,3
3072,departure traditional,3
3073,approaches specifically,3
3074,specifically focuses,3
3075,focuses improving,3
3076,improving health,3
3077,outcomes health,3
3078,equity individuals,3
3079,individuals addition,3
3080,addition cphat,3
3081,cphat nsf’s,3
3082,nsf’s goal,3
3083,increased partnership,3
3084,partnership academia,3
3085,academia industrybrbrthe,3
3086,industrybrbrthe cphat,3
3087,cphat maintain,3
3088,maintain repositories,3
3089,repositories duration,3
3090,duration period,3
3091,period partner,3
3092,partner site,3
3093,maintain individual,3
3094,shared repositories,3
3095,repositories consistent,3
3096,consistent data,3
3097,sharing usage,3
3098,agreements centrally-hosted,3
3099,centrally-hosted repository,3
3100,repository include,3
3101,include cphat,3
3102,cphat results,3
3103,results publications,3
3104,publications related,3
3105,related productsbrbrthis,3
3106,productsbrbrthis foundations,3
3107,foundations mankind,3
3108,mankind continues,3
3109,continues expand,3
3110,expand activities,3
3111,activities space,3
3112,space essential,3
3113,essential communications,3
3114,communications climate,3
3115,monitoring exploration,3
3116,exploration imperative,3
3117,imperative establish,3
3118,establish viability,3
3119,viability safety,3
3120,safety key,3
3121,enabling integrated,3
3122,electronics photonic,3
3123,photonic technologies,3
3124,operation harsh,3
3125,integrated photonics,3
3126,photonics enable,3
3127,systems unmatched,3
3128,unmatched power,3
3129,efficiency longevity,3
3130,longevity capability,3
3131,capability thus,3
3132,thus improving,3
3133,improving everything,3
3134,everything internet,3
3135,availability reliability,3
3136,reliability around,3
3137,planet improving,3
3138,improving environmental,3
3139,sensing enhanced,3
3140,enhanced security,3
3141,enabling robust,3
3142,robust dod,3
3143,dod systems,3
3144,use increasingly,3
3145,sophisticated electronics,3
3146,photonics communications,3
3147,applications space-borne,3
3148,space-borne aerospace,3
3149,platforms diverse,3
3150,team component,3
3151,component systems,3
3152,aerospace researchers,3
3153,collaborate advance,3
3154,knowledge associated,3
3155,associated environmental,3
3156,environmental considerations,3
3157,considerations craft,3
3158,craft specific,3
3159,specific components,3
3160,meet unique,3
3161,unique reliability,3
3162,performance requirementsbrbrepica’s,3
3163,requirementsbrbrepica’s objective,3
3164,enable wave,3
3165,wave communications,3
3166,technologies aerospace,3
3167,aerospace space-borne,3
3168,space-borne platforms,3
3169,platforms focus,3
3170,focus investigating,3
3171,investigating reliability,3
3172,reliability devices,3
3173,operating extreme,3
3174,extreme environments,3
3175,environments space,3
3176,space three,3
3177,thrusts assessment,3
3178,assessment understanding,3
3179,photonic hardware,3
3180,hardware reliable,3
3181,operation radiation,3
3182,temperature extremes,3
3183,extremes ii,3
3184,ii development,3
3185,development components,3
3186,architectures system-level,3
3187,system-level methods,3
3188,extract maximum,3
3189,maximum advantage,3
3190,advantage integrated,3
3191,photonic systems,3
3192,platforms iii,3
3193,iii definition,3
3194,definition flight,3
3195,flight hardware,3
3196,architectures subsequent,3
3197,subsequent flight,3
3198,flight demonstration,3
3199,demonstration three-university,3
3200,three-university team,3
3201,comprised georgia,3
3202,tech central,3
3203,central florida,3
3204,florida vanderbilt,3
3205,vanderbilt complementary,3
3206,expertise facilities,3
3207,facilities apply,3
3208,apply analytical,3
3209,analytical experimental,3
3210,experimental capabilities,3
3211,advance us-based,3
3212,us-based capabilities,3
3213,capabilities design,3
3214,design manufacture,3
3215,manufacture robust,3
3216,photonics enabling,3
3217,enabling reliable,3
3218,access around,3
3219,planet creating,3
3220,creating environmental,3
3221,capabilities epica,3
3222,epica team,3
3223,team actively,3
3224,actively creating,3
3225,creating diverse,3
3226,workforce includes,3
3227,includes mentoring,3
3228,increase success,3
3229,success students,3
3230,groups areas,3
3231,advanced photonics,3
3232,photonics electronics,3
3233,electronics optical,3
3234,optical sciences,3
3235,sciences site,3
3236,site engage,3
3237,engage societies,3
3238,societies active,3
3239,active bridge,3
3240,bridge programs,3
3241,programs transition,3
3242,transition underrepresented,3
3243,students baccalaureate,3
3244,baccalaureate level,3
3245,level schoolbrbra,3
3246,schoolbrbra repository,3
3247,results iab,3
3248,iab meeting,3
3249,meeting summaries,3
3250,summaries publications,3
3251,publications digitally,3
3252,digitally archived,3
3253,archived site,3
3254,maintain local,3
3255,storage georgia,3
3256,tech manage,3
3257,manage comprehensive,3
3258,comprehensive cloud,3
3259,storage site,3
3260,site accessible,3
3261,accessible partners,3
3262,partners repository,3
3263,maintained continuously,3
3264,continuously first,3
3265,year three,3
3266,conclusion awardbrbrthis,3
3267,awardbrbrthis foundations,3
3268,integrated circuits,3
3269,brain center,3
3270,human rights,3
3271,security concerns,3
3272,information retrieval,3
3273,secret keys,3
3274,online authentication,3
3275,manage password,3
3276,website operators,3
3277,cryptography distributed,3
3278,distributed cryptography,3
3279,uhf rfid,3
3280,rfid tags,3
3281,authentication system,3
